"","Agency","Station_ID","Date","n_field","n_missing","shallowest_missing","deepest_missing","pct_missing","missing_type","depth_padding"
"1","ABC","ABC_A004",2019-08-19,100,100,1,100,100,"entire_cast_missing",TRUE
"2","ABC","ABC_B003",2019-08-16,29,10,20,29,34.4827586206897,"partial_cast_missing",TRUE
"3","ABC","ABC_B003",2020-09-04,29,10,20,29,34.4827586206897,"partial_cast_missing",TRUE
"4","ABC","ABC_B003",2022-06-23,29,10,20,29,34.4827586206897,"partial_cast_missing",TRUE
"5","ABC","ABC_B003",2019-05-02,29,9,21,29,31.0344827586207,"partial_cast_missing",TRUE
"6","ABC","ABC_B003",2019-12-12,29,9,21,29,31.0344827586207,"partial_cast_missing",TRUE
"7","ABC","ABC_B003",2020-02-05,29,9,21,29,31.0344827586207,"partial_cast_missing",TRUE
"8","ABC","ABC_B003",2021-02-24,29,9,21,29,31.0344827586207,"partial_cast_missing",TRUE
"9","ABC","ABC_B003",2021-06-16,29,9,21,29,31.0344827586207,"partial_cast_missing",TRUE
"10","ABC","ABC_B003",2021-11-12,29,9,21,29,31.0344827586207,"partial_cast_missing",TRUE
"11","ABC","ABC_B003",2022-03-18,29,9,21,29,31.0344827586207,"partial_cast_missing",TRUE
"12","ABC","ABC_B003",2022-09-20,29,9,21,29,31.0344827586207,"partial_cast_missing",TRUE
"13","ABC","ABC_B003",2023-05-08,29,9,21,29,31.0344827586207,"partial_cast_missing",TRUE
"14","ABC","ABC_B003",2023-09-21,29,9,21,29,31.0344827586207,"partial_cast_missing",TRUE
"15","ABC","ABC_B003",2020-11-20,29,8,22,29,27.5862068965517,"partial_cast_missing",TRUE
"16","ABC","ABC_B003",2021-09-22,29,8,22,29,27.5862068965517,"partial_cast_missing",TRUE
"17","ABC","ABC_B003",2022-10-28,29,8,22,29,27.5862068965517,"partial_cast_missing",TRUE
"18","ABC","ABC_E001",2021-06-16,12,3,10,12,25,"partial_cast_missing",TRUE
"19","ABC","ABC_B003",2020-06-26,29,7,23,29,24.1379310344828,"partial_cast_missing",TRUE
"20","ABC","ABC_A005",2019-08-16,85,19,67,85,22.3529411764706,"partial_cast_missing",TRUE
"21","ABC","ABC_B003",2023-11-14,29,6,24,29,20.6896551724138,"partial_cast_missing",TRUE
"22","ABC","ABC_A005",2020-09-04,85,17,69,85,20,"partial_cast_missing",TRUE
"23","ABC","ABC_E002",2021-06-16,16,3,14,16,18.75,"partial_cast_missing",TRUE
"24","ABC","ABC_E002",2023-05-08,16,3,14,16,18.75,"partial_cast_missing",TRUE
"25","ABC","ABC_E001",2019-08-16,12,2,11,12,16.6666666666667,"partial_cast_missing",TRUE
"26","ABC","ABC_E001",2020-09-04,12,2,11,12,16.6666666666667,"partial_cast_missing",TRUE
"27","ABC","ABC_E001",2020-11-20,12,2,11,12,16.6666666666667,"partial_cast_missing",TRUE
"28","ABC","ABC_E001",2021-09-22,12,2,11,12,16.6666666666667,"partial_cast_missing",TRUE
"29","ABC","ABC_E001",2022-06-23,12,2,11,12,16.6666666666667,"partial_cast_missing",TRUE
"30","ABC","ABC_A002",2021-02-24,30,4,27,30,13.3333333333333,"partial_cast_missing",TRUE
"31","ABC","ABC_E002",2019-08-16,16,2,15,16,12.5,"partial_cast_missing",TRUE
"32","ABC","ABC_E002",2020-11-20,16,2,15,16,12.5,"partial_cast_missing",TRUE
"33","ABC","ABC_A001",2019-12-12,10,1,10,10,10,"partial_cast_missing",TRUE
"34","ABC","ABC_A001",2020-02-05,10,1,10,10,10,"partial_cast_missing",TRUE
"35","ABC","ABC_A001",2022-06-23,10,1,10,10,10,"partial_cast_missing",TRUE
"36","ABC","ABC_B001",2021-06-16,10,1,10,10,10,"partial_cast_missing",TRUE
"37","ABC","ABC_D001",2019-08-16,10,1,10,10,10,"partial_cast_missing",TRUE
"38","ABC","ABC_D001",2023-05-08,10,1,10,10,10,"partial_cast_missing",TRUE
"39","ABC","ABC_D003",2021-06-16,21,2,20,21,9.52380952380952,"partial_cast_missing",TRUE
"40","ABC","ABC_C001",2020-02-05,11,1,11,11,9.09090909090909,"partial_cast_missing",TRUE
"41","ABC","ABC_C001",2020-09-04,11,1,11,11,9.09090909090909,"partial_cast_missing",TRUE
"42","ABC","ABC_C001",2020-11-20,11,1,11,11,9.09090909090909,"partial_cast_missing",TRUE
"43","ABC","ABC_C001",2021-06-16,11,1,11,11,9.09090909090909,"partial_cast_missing",TRUE
"44","ABC","ABC_C001",2021-09-22,11,1,11,11,9.09090909090909,"partial_cast_missing",TRUE
"45","ABC","ABC_C001",2021-11-12,11,1,11,11,9.09090909090909,"partial_cast_missing",TRUE
"46","ABC","ABC_C001",2023-09-21,11,1,11,11,9.09090909090909,"partial_cast_missing",TRUE
"47","ABC","ABC_E003",2019-08-16,22,2,21,22,9.09090909090909,"partial_cast_missing",TRUE
"48","ABC","ABC_E003",2021-06-16,22,2,21,22,9.09090909090909,"partial_cast_missing",TRUE
"49","ABC","ABC_E001",2020-02-05,12,1,12,12,8.33333333333333,"partial_cast_missing",TRUE
"50","ABC","ABC_E001",2021-02-24,12,1,12,12,8.33333333333333,"partial_cast_missing",TRUE
"51","ABC","ABC_E001",2021-11-12,12,1,12,12,8.33333333333333,"partial_cast_missing",TRUE
"52","ABC","ABC_E001",2022-03-18,12,1,12,12,8.33333333333333,"partial_cast_missing",TRUE
"53","ABC","ABC_E001",2022-09-20,12,1,12,12,8.33333333333333,"partial_cast_missing",TRUE
"54","ABC","ABC_E001",2022-10-28,12,1,12,12,8.33333333333333,"partial_cast_missing",TRUE
"55","ABC","ABC_E001",2023-05-08,12,1,12,12,8.33333333333333,"partial_cast_missing",TRUE
"56","ABC","ABC_E001",2023-09-21,12,1,12,12,8.33333333333333,"partial_cast_missing",TRUE
"57","ABC","ABC_E001",2023-11-14,12,1,12,12,8.33333333333333,"partial_cast_missing",TRUE
"58","ABC","ABC_B002",2020-02-05,13,1,13,13,7.69230769230769,"partial_cast_missing",TRUE
"59","ABC","ABC_C004",2020-02-05,28,2,27,28,7.14285714285714,"partial_cast_missing",TRUE
"60","ABC","ABC_C004",2021-02-24,28,2,27,28,7.14285714285714,"partial_cast_missing",TRUE
"61","ABC","ABC_C004",2021-06-16,28,2,27,28,7.14285714285714,"partial_cast_missing",TRUE
"62","ABC","ABC_C004",2023-09-21,28,2,27,28,7.14285714285714,"partial_cast_missing",TRUE
"63","ABC","ABC_D002",2021-06-16,14,1,14,14,7.14285714285714,"partial_cast_missing",TRUE
"64","ABC","ABC_A002",2021-09-22,30,2,29,30,6.66666666666667,"partial_cast_missing",TRUE
"65","ABC","ABC_C002",2019-08-16,15,1,15,15,6.66666666666667,"partial_cast_missing",TRUE
"66","ABC","ABC_C002",2020-09-04,15,1,15,15,6.66666666666667,"partial_cast_missing",TRUE
"67","ABC","ABC_C002",2021-06-16,15,1,15,15,6.66666666666667,"partial_cast_missing",TRUE
"68","ABC","ABC_C002",2021-11-12,15,1,15,15,6.66666666666667,"partial_cast_missing",TRUE
"69","ABC","ABC_C002",2022-06-23,15,1,15,15,6.66666666666667,"partial_cast_missing",TRUE
"70","ABC","ABC_E004",2021-06-16,31,2,30,31,6.45161290322581,"partial_cast_missing",TRUE
"71","ABC","ABC_E002",2019-12-12,16,1,16,16,6.25,"partial_cast_missing",TRUE
"72","ABC","ABC_E002",2020-02-05,16,1,16,16,6.25,"partial_cast_missing",TRUE
"73","ABC","ABC_E002",2020-06-26,16,1,16,16,6.25,"partial_cast_missing",TRUE
"74","ABC","ABC_E002",2021-09-22,16,1,16,16,6.25,"partial_cast_missing",TRUE
"75","ABC","ABC_E002",2021-11-12,16,1,16,16,6.25,"partial_cast_missing",TRUE
"76","ABC","ABC_E002",2022-03-18,16,1,16,16,6.25,"partial_cast_missing",TRUE
"77","ABC","ABC_E002",2022-06-23,16,1,16,16,6.25,"partial_cast_missing",TRUE
"78","ABC","ABC_E002",2023-09-21,16,1,16,16,6.25,"partial_cast_missing",TRUE
"79","ABC","ABC_E002",2023-11-14,16,1,16,16,6.25,"partial_cast_missing",TRUE
"80","ABC","ABC_A005",2020-06-26,85,5,81,85,5.88235294117647,"partial_cast_missing",TRUE
"81","ABC","ABC_D005",2020-02-05,37,2,36,37,5.40540540540541,"partial_cast_missing",TRUE
"82","ABC","ABC_E005",2020-11-20,39,2,38,39,5.12820512820513,"partial_cast_missing",TRUE
"83","ABC","ABC_E005",2023-11-14,39,2,38,39,5.12820512820513,"partial_cast_missing",TRUE
"84","ABC","ABC_D003",2019-08-16,21,1,21,21,4.76190476190476,"partial_cast_missing",TRUE
"85","ABC","ABC_D003",2020-09-04,21,1,21,21,4.76190476190476,"partial_cast_missing",TRUE
"86","ABC","ABC_D003",2020-11-20,21,1,21,21,4.76190476190476,"partial_cast_missing",TRUE
"87","ABC","ABC_D003",2021-02-24,21,1,21,21,4.76190476190476,"partial_cast_missing",TRUE
"88","ABC","ABC_D003",2021-09-22,21,1,21,21,4.76190476190476,"partial_cast_missing",TRUE
"89","ABC","ABC_D003",2023-05-08,21,1,21,21,4.76190476190476,"partial_cast_missing",TRUE
"90","ABC","ABC_E003",2019-12-12,22,1,22,22,4.54545454545455,"partial_cast_missing",TRUE
"91","ABC","ABC_E003",2020-02-05,22,1,22,22,4.54545454545455,"partial_cast_missing",TRUE
"92","ABC","ABC_E003",2020-06-26,22,1,22,22,4.54545454545455,"partial_cast_missing",TRUE
"93","ABC","ABC_E003",2020-09-04,22,1,22,22,4.54545454545455,"partial_cast_missing",TRUE
"94","ABC","ABC_E003",2020-11-20,22,1,22,22,4.54545454545455,"partial_cast_missing",TRUE
"95","ABC","ABC_E003",2021-09-22,22,1,22,22,4.54545454545455,"partial_cast_missing",TRUE
"96","ABC","ABC_E003",2021-11-12,22,1,22,22,4.54545454545455,"partial_cast_missing",TRUE
"97","ABC","ABC_E003",2022-09-20,22,1,22,22,4.54545454545455,"partial_cast_missing",TRUE
"98","ABC","ABC_E003",2022-10-28,22,1,22,22,4.54545454545455,"partial_cast_missing",TRUE
"99","ABC","ABC_E003",2023-09-21,22,1,22,22,4.54545454545455,"partial_cast_missing",TRUE
"100","ABC","ABC_B004",2020-11-20,67,3,65,67,4.47761194029851,"partial_cast_missing",TRUE
"101","ABC","ABC_C004",2019-03-18,28,1,28,28,3.57142857142857,"partial_cast_missing",TRUE
"102","ABC","ABC_C004",2019-05-02,28,1,28,28,3.57142857142857,"partial_cast_missing",TRUE
"103","ABC","ABC_C004",2019-08-16,28,1,28,28,3.57142857142857,"partial_cast_missing",TRUE
"104","ABC","ABC_C004",2020-09-04,28,1,28,28,3.57142857142857,"partial_cast_missing",TRUE
"105","ABC","ABC_C004",2021-11-12,28,1,28,28,3.57142857142857,"partial_cast_missing",TRUE
"106","ABC","ABC_C004",2022-09-20,28,1,28,28,3.57142857142857,"partial_cast_missing",TRUE
"107","ABC","ABC_C004",2023-11-14,28,1,28,28,3.57142857142857,"partial_cast_missing",TRUE
"108","ABC","ABC_A002",2019-03-18,30,1,30,30,3.33333333333333,"partial_cast_missing",TRUE
"109","ABC","ABC_E004",2020-02-05,31,1,31,31,3.2258064516129,"partial_cast_missing",TRUE
"110","ABC","ABC_E004",2020-09-04,31,1,31,31,3.2258064516129,"partial_cast_missing",TRUE
"111","ABC","ABC_E004",2020-11-20,31,1,31,31,3.2258064516129,"partial_cast_missing",TRUE
"112","ABC","ABC_E004",2021-09-22,31,1,31,31,3.2258064516129,"partial_cast_missing",TRUE
"113","ABC","ABC_E004",2021-11-12,31,1,31,31,3.2258064516129,"partial_cast_missing",TRUE
"114","ABC","ABC_E004",2022-06-23,31,1,31,31,3.2258064516129,"partial_cast_missing",TRUE
"115","ABC","ABC_E004",2023-05-08,31,1,31,31,3.2258064516129,"partial_cast_missing",TRUE
"116","ABC","ABC_B004",2019-08-16,67,2,66,67,2.98507462686567,"partial_cast_missing",TRUE
"117","ABC","ABC_B004",2020-02-05,67,2,66,67,2.98507462686567,"partial_cast_missing",TRUE
"118","ABC","ABC_B004",2020-09-04,67,2,66,67,2.98507462686567,"partial_cast_missing",TRUE
"119","ABC","ABC_B004",2021-11-12,67,2,66,67,2.98507462686567,"partial_cast_missing",TRUE
"120","ABC","ABC_C005",2021-06-16,34,1,34,34,2.94117647058824,"partial_cast_missing",TRUE
"121","ABC","ABC_C005",2022-09-20,34,1,34,34,2.94117647058824,"partial_cast_missing",TRUE
"122","ABC","ABC_D005",2019-08-16,37,1,37,37,2.7027027027027,"partial_cast_missing",TRUE
"123","ABC","ABC_D005",2021-02-24,37,1,37,37,2.7027027027027,"partial_cast_missing",TRUE
"124","ABC","ABC_D005",2021-06-16,37,1,37,37,2.7027027027027,"partial_cast_missing",TRUE
"125","ABC","ABC_D005",2021-11-12,37,1,37,37,2.7027027027027,"partial_cast_missing",TRUE
"126","ABC","ABC_D005",2022-06-23,37,1,37,37,2.7027027027027,"partial_cast_missing",TRUE
"127","ABC","ABC_D005",2022-10-28,37,1,37,37,2.7027027027027,"partial_cast_missing",TRUE
"128","ABC","ABC_D005",2023-05-08,37,1,37,37,2.7027027027027,"partial_cast_missing",TRUE
"129","ABC","ABC_D005",2023-09-21,37,1,37,37,2.7027027027027,"partial_cast_missing",TRUE
"130","ABC","ABC_E005",2020-06-26,39,1,39,39,2.56410256410256,"partial_cast_missing",TRUE
"131","ABC","ABC_E005",2020-09-04,39,1,39,39,2.56410256410256,"partial_cast_missing",TRUE
"132","ABC","ABC_E005",2022-06-23,39,1,39,39,2.56410256410256,"partial_cast_missing",TRUE
"133","ABC","ABC_E005",2022-10-28,39,1,39,39,2.56410256410256,"partial_cast_missing",TRUE
"134","ABC","ABC_E005",2023-09-21,39,1,39,39,2.56410256410256,"partial_cast_missing",TRUE
"135","ABC","ABC_A005",2020-02-05,85,2,84,85,2.35294117647059,"partial_cast_missing",TRUE
"136","ABC","ABC_B004",2023-09-21,67,1,67,67,1.49253731343284,"partial_cast_missing",TRUE
"137","ABC","ABC_B004",2023-11-14,67,1,67,67,1.49253731343284,"partial_cast_missing",TRUE
"138","CSD","CSD_20",2023-06-09,160,35,126,160,21.875,"partial_cast_missing",TRUE
"139","CSD","CSD_19",2023-06-09,160,34,127,160,21.25,"partial_cast_missing",TRUE
"140","CSD","CSD_17",2023-06-08,160,33,128,160,20.625,"partial_cast_missing",TRUE
"141","CSD","CSD_18",2023-06-08,160,33,128,160,20.625,"partial_cast_missing",TRUE
"142","CSD","CSD_17",2023-03-08,160,32,129,160,20,"partial_cast_missing",TRUE
"143","CSD","CSD_20",2023-03-09,160,31,130,160,19.375,"partial_cast_missing",TRUE
"144","CSD","CSD_19",2023-03-09,160,30,131,160,18.75,"partial_cast_missing",TRUE
"145","CSD","CSD_F06",2022-11-17,62,8,1,8,12.9032258064516,"partial_cast_missing",FALSE
"146","LACSD","LACSD_3101",2022-05-04,20,9,12,20,45,"partial_cast_missing",TRUE
"147","LACSD","LACSD_2501",2021-02-04,10,4,7,10,40,"partial_cast_missing",TRUE
"148","LACSD","LACSD_2901",2020-02-04,10,4,7,10,40,"partial_cast_missing",TRUE
"149","LACSD","LACSD_2901",2020-06-17,10,4,1,10,40,"partial_cast_missing",FALSE
"150","LACSD","LACSD_3001",2020-02-04,10,4,7,10,40,"partial_cast_missing",TRUE
"151","LACSD","LACSD_3101",2022-11-10,20,8,13,20,40,"partial_cast_missing",TRUE
"152","LACSD","LACSD_3101",2022-08-02,20,7,14,20,35,"partial_cast_missing",TRUE
"153","LACSD","LACSD_3101",2023-02-07,20,7,14,20,35,"partial_cast_missing",TRUE
"154","LACSD","LACSD_3051",2020-02-04,13,4,10,13,30.7692307692308,"partial_cast_missing",TRUE
"155","LACSD","LACSD_3051",2021-11-02,13,4,10,13,30.7692307692308,"partial_cast_missing",TRUE
"156","LACSD","LACSD_3051",2022-05-04,13,4,10,13,30.7692307692308,"partial_cast_missing",TRUE
"157","LACSD","LACSD_3051",2022-08-02,13,4,10,13,30.7692307692308,"partial_cast_missing",TRUE
"158","LACSD","LACSD_2501",2019-02-06,10,3,8,10,30,"partial_cast_missing",TRUE
"159","LACSD","LACSD_2501",2020-02-05,10,3,8,10,30,"partial_cast_missing",TRUE
"160","LACSD","LACSD_2501",2021-11-03,10,3,8,10,30,"partial_cast_missing",TRUE
"161","LACSD","LACSD_2501",2022-02-03,10,3,8,10,30,"partial_cast_missing",TRUE
"162","LACSD","LACSD_2501",2022-11-09,10,3,8,10,30,"partial_cast_missing",TRUE
"163","LACSD","LACSD_2801",2020-02-05,10,3,1,10,30,"partial_cast_missing",FALSE
"164","LACSD","LACSD_2801",2021-02-03,10,3,8,10,30,"partial_cast_missing",TRUE
"165","LACSD","LACSD_28012",2022-05-05,10,3,8,10,30,"partial_cast_missing",TRUE
"166","LACSD","LACSD_2901",2019-05-08,10,3,8,10,30,"partial_cast_missing",TRUE
"167","LACSD","LACSD_2901",2021-02-03,10,3,8,10,30,"partial_cast_missing",TRUE
"168","LACSD","LACSD_2901",2021-11-02,10,3,1,10,30,"partial_cast_missing",FALSE
"169","LACSD","LACSD_2901",2022-02-02,10,3,8,10,30,"partial_cast_missing",TRUE
"170","LACSD","LACSD_2901",2023-05-02,10,3,8,10,30,"partial_cast_missing",TRUE
"171","LACSD","LACSD_3001",2019-02-07,10,3,8,10,30,"partial_cast_missing",TRUE
"172","LACSD","LACSD_3001",2019-05-07,10,3,8,10,30,"partial_cast_missing",TRUE
"173","LACSD","LACSD_3001",2019-08-07,10,3,8,10,30,"partial_cast_missing",TRUE
"174","LACSD","LACSD_3001",2020-08-04,10,3,8,10,30,"partial_cast_missing",TRUE
"175","LACSD","LACSD_3001",2020-11-03,10,3,8,10,30,"partial_cast_missing",TRUE
"176","LACSD","LACSD_3001",2021-02-03,10,3,8,10,30,"partial_cast_missing",TRUE
"177","LACSD","LACSD_3001",2022-11-10,10,3,8,10,30,"partial_cast_missing",TRUE
"178","LACSD","LACSD_3101",2020-11-03,20,5,16,20,25,"partial_cast_missing",TRUE
"179","LACSD","LACSD_11",2020-02-07,200,49,1,200,24.5,"partial_cast_missing",FALSE
"180","LACSD","LACSD_9",2020-02-06,200,48,153,200,24,"partial_cast_missing",TRUE
"181","LACSD","LACSD_10",2020-02-06,200,47,154,200,23.5,"partial_cast_missing",TRUE
"182","LACSD","LACSD_3051",2019-08-07,13,3,11,13,23.0769230769231,"partial_cast_missing",TRUE
"183","LACSD","LACSD_3051",2019-11-19,13,3,11,13,23.0769230769231,"partial_cast_missing",TRUE
"184","LACSD","LACSD_3051",2021-02-03,13,3,11,13,23.0769230769231,"partial_cast_missing",TRUE
"185","LACSD","LACSD_3051",2023-02-07,13,3,11,13,23.0769230769231,"partial_cast_missing",TRUE
"186","LACSD","LACSD_9",2021-07-28,200,45,156,200,22.5,"partial_cast_missing",TRUE
"187","LACSD","LACSD_2501",2023-08-30,9,2,8,9,22.2222222222222,"partial_cast_missing",TRUE
"188","LACSD","LACSD_10",2021-07-28,200,44,157,200,22,"partial_cast_missing",TRUE
"189","LACSD","LACSD_11",2021-07-28,200,42,159,200,21,"partial_cast_missing",TRUE
"190","LACSD","LACSD_2806",2019-02-06,100,21,80,100,21,"partial_cast_missing",TRUE
"191","LACSD","LACSD_12",2021-07-27,200,40,161,200,20,"partial_cast_missing",TRUE
"192","LACSD","LACSD_2501",2019-05-09,10,2,9,10,20,"partial_cast_missing",TRUE
"193","LACSD","LACSD_2501",2019-08-08,10,2,9,10,20,"partial_cast_missing",TRUE
"194","LACSD","LACSD_2501",2019-11-21,10,2,9,10,20,"partial_cast_missing",TRUE
"195","LACSD","LACSD_2501",2020-06-16,10,2,9,10,20,"partial_cast_missing",TRUE
"196","LACSD","LACSD_2501",2020-08-05,10,2,9,10,20,"partial_cast_missing",TRUE
"197","LACSD","LACSD_2501",2020-11-04,10,2,9,10,20,"partial_cast_missing",TRUE
"198","LACSD","LACSD_2501",2021-08-04,10,2,9,10,20,"partial_cast_missing",TRUE
"199","LACSD","LACSD_2501",2022-05-05,10,2,9,10,20,"partial_cast_missing",TRUE
"200","LACSD","LACSD_2501",2023-02-08,10,2,9,10,20,"partial_cast_missing",TRUE
"201","LACSD","LACSD_2501",2023-11-02,10,2,9,10,20,"partial_cast_missing",TRUE
"202","LACSD","LACSD_25012",2021-08-04,10,2,9,10,20,"partial_cast_missing",TRUE
"203","LACSD","LACSD_2502",2019-02-06,20,4,17,20,20,"partial_cast_missing",TRUE
"204","LACSD","LACSD_2801",2019-02-06,10,2,9,10,20,"partial_cast_missing",TRUE
"205","LACSD","LACSD_2801",2019-05-08,10,2,9,10,20,"partial_cast_missing",TRUE
"206","LACSD","LACSD_2801",2019-08-08,10,2,9,10,20,"partial_cast_missing",TRUE
"207","LACSD","LACSD_2801",2019-11-21,10,2,9,10,20,"partial_cast_missing",TRUE
"208","LACSD","LACSD_2801",2020-08-05,10,2,9,10,20,"partial_cast_missing",TRUE
"209","LACSD","LACSD_2801",2021-06-09,10,2,9,10,20,"partial_cast_missing",TRUE
"210","LACSD","LACSD_2801",2022-05-05,10,2,9,10,20,"partial_cast_missing",TRUE
"211","LACSD","LACSD_2801",2023-05-03,10,2,9,10,20,"partial_cast_missing",TRUE
"212","LACSD","LACSD_28012",2019-05-08,10,2,9,10,20,"partial_cast_missing",TRUE
"213","LACSD","LACSD_2901",2019-02-07,10,2,9,10,20,"partial_cast_missing",TRUE
"214","LACSD","LACSD_2901",2019-08-07,10,2,9,10,20,"partial_cast_missing",TRUE
"215","LACSD","LACSD_2901",2019-11-19,10,2,9,10,20,"partial_cast_missing",TRUE
"216","LACSD","LACSD_2901",2020-11-03,10,2,9,10,20,"partial_cast_missing",TRUE
"217","LACSD","LACSD_2901",2021-06-09,10,2,1,10,20,"partial_cast_missing",FALSE
"218","LACSD","LACSD_2901",2021-08-03,10,2,1,10,20,"partial_cast_missing",FALSE
"219","LACSD","LACSD_2901",2023-02-07,10,2,9,10,20,"partial_cast_missing",TRUE
"220","LACSD","LACSD_29012",2019-02-07,10,2,9,10,20,"partial_cast_missing",TRUE
"221","LACSD","LACSD_29012",2022-02-02,10,2,9,10,20,"partial_cast_missing",TRUE
"222","LACSD","LACSD_3001",2019-11-19,10,2,9,10,20,"partial_cast_missing",TRUE
"223","LACSD","LACSD_3001",2020-06-17,10,2,9,10,20,"partial_cast_missing",TRUE
"224","LACSD","LACSD_3001",2021-08-03,10,2,9,10,20,"partial_cast_missing",TRUE
"225","LACSD","LACSD_3001",2021-11-02,10,2,9,10,20,"partial_cast_missing",TRUE
"226","LACSD","LACSD_3001",2022-02-02,10,2,9,10,20,"partial_cast_missing",TRUE
"227","LACSD","LACSD_3001",2022-05-04,10,2,9,10,20,"partial_cast_missing",TRUE
"228","LACSD","LACSD_3001",2022-08-02,10,2,9,10,20,"partial_cast_missing",TRUE
"229","LACSD","LACSD_3001",2023-02-07,10,2,9,10,20,"partial_cast_missing",TRUE
"230","LACSD","LACSD_30012",2020-06-17,10,2,9,10,20,"partial_cast_missing",TRUE
"231","LACSD","LACSD_3101",2019-02-07,20,4,17,20,20,"partial_cast_missing",TRUE
"232","LACSD","LACSD_3101",2020-06-17,20,4,1,20,20,"partial_cast_missing",FALSE
"233","LACSD","LACSD_2603",2019-05-09,23,4,20,23,17.3913043478261,"partial_cast_missing",TRUE
"234","LACSD","LACSD_2902",2021-11-02,30,5,1,30,16.6666666666667,"partial_cast_missing",FALSE
"235","LACSD","LACSD_3051",2023-11-01,12,2,11,12,16.6666666666667,"partial_cast_missing",TRUE
"236","LACSD","LACSD_3052",2020-02-04,30,5,26,30,16.6666666666667,"partial_cast_missing",TRUE
"237","LACSD","LACSD_3101",2023-05-02,12,2,11,12,16.6666666666667,"partial_cast_missing",TRUE
"238","LACSD","LACSD_3051",2019-02-07,13,2,12,13,15.3846153846154,"partial_cast_missing",TRUE
"239","LACSD","LACSD_3051",2019-05-07,13,2,12,13,15.3846153846154,"partial_cast_missing",TRUE
"240","LACSD","LACSD_3051",2020-06-17,13,2,12,13,15.3846153846154,"partial_cast_missing",TRUE
"241","LACSD","LACSD_3051",2020-08-04,13,2,12,13,15.3846153846154,"partial_cast_missing",TRUE
"242","LACSD","LACSD_3051",2021-08-03,13,2,12,13,15.3846153846154,"partial_cast_missing",TRUE
"243","LACSD","LACSD_3051",2022-11-10,13,2,12,13,15.3846153846154,"partial_cast_missing",TRUE
"244","LACSD","LACSD_30512",2019-02-07,13,2,12,13,15.3846153846154,"partial_cast_missing",TRUE
"245","LACSD","LACSD_2502",2020-02-05,20,3,18,20,15,"partial_cast_missing",TRUE
"246","LACSD","LACSD_2502",2020-08-05,20,3,18,20,15,"partial_cast_missing",TRUE
"247","LACSD","LACSD_2502",2021-06-10,20,3,18,20,15,"partial_cast_missing",TRUE
"248","LACSD","LACSD_2502",2021-11-03,20,3,18,20,15,"partial_cast_missing",TRUE
"249","LACSD","LACSD_2502",2022-05-05,20,3,18,20,15,"partial_cast_missing",TRUE
"250","LACSD","LACSD_25022",2020-02-05,20,3,18,20,15,"partial_cast_missing",TRUE
"251","LACSD","LACSD_3101",2019-05-07,20,3,18,20,15,"partial_cast_missing",TRUE
"252","LACSD","LACSD_3101",2019-11-19,20,3,18,20,15,"partial_cast_missing",TRUE
"253","LACSD","LACSD_3101",2020-02-04,20,3,18,20,15,"partial_cast_missing",TRUE
"254","LACSD","LACSD_3101",2021-06-08,20,3,18,20,15,"partial_cast_missing",TRUE
"255","LACSD","LACSD_31012",2020-06-17,20,3,18,20,15,"partial_cast_missing",TRUE
"256","LACSD","LACSD_2902",2020-02-04,30,4,27,30,13.3333333333333,"partial_cast_missing",TRUE
"257","LACSD","LACSD_2602",2019-11-21,23,3,21,23,13.0434782608696,"partial_cast_missing",TRUE
"258","LACSD","LACSD_2602",2020-02-05,23,3,21,23,13.0434782608696,"partial_cast_missing",TRUE
"259","LACSD","LACSD_2602",2021-02-04,23,3,21,23,13.0434782608696,"partial_cast_missing",TRUE
"260","LACSD","LACSD_2602",2021-08-04,23,3,21,23,13.0434782608696,"partial_cast_missing",TRUE
"261","LACSD","LACSD_2603",2019-02-06,23,3,21,23,13.0434782608696,"partial_cast_missing",TRUE
"262","LACSD","LACSD_2603",2019-08-08,23,3,21,23,13.0434782608696,"partial_cast_missing",TRUE
"263","LACSD","LACSD_2603",2020-02-05,23,3,21,23,13.0434782608696,"partial_cast_missing",TRUE
"264","LACSD","LACSD_2603",2020-08-05,23,3,21,23,13.0434782608696,"partial_cast_missing",TRUE
"265","LACSD","LACSD_2603",2021-02-04,23,3,21,23,13.0434782608696,"partial_cast_missing",TRUE
"266","LACSD","LACSD_2603",2021-08-04,23,3,21,23,13.0434782608696,"partial_cast_missing",TRUE
"267","LACSD","LACSD_2603",2021-11-03,23,3,21,23,13.0434782608696,"partial_cast_missing",TRUE
"268","LACSD","LACSD_2603",2022-08-03,23,3,21,23,13.0434782608696,"partial_cast_missing",TRUE
"269","LACSD","LACSD_2604",2019-02-06,32,4,29,32,12.5,"partial_cast_missing",TRUE
"270","LACSD","LACSD_2504",2020-02-05,33,4,30,33,12.1212121212121,"partial_cast_missing",TRUE
"271","LACSD","LACSD_2504",2021-11-03,33,4,30,33,12.1212121212121,"partial_cast_missing",TRUE
"272","LACSD","LACSD_2503",2019-02-06,26,3,24,26,11.5384615384615,"partial_cast_missing",TRUE
"273","LACSD","LACSD_2503",2020-02-05,26,3,24,26,11.5384615384615,"partial_cast_missing",TRUE
"274","LACSD","LACSD_2503",2021-08-04,26,3,24,26,11.5384615384615,"partial_cast_missing",TRUE
"275","LACSD","LACSD_2503",2021-11-03,26,3,24,26,11.5384615384615,"partial_cast_missing",TRUE
"276","LACSD","LACSD_2503",2022-02-03,26,3,24,26,11.5384615384615,"partial_cast_missing",TRUE
"277","LACSD","LACSD_2503",2022-11-09,26,3,24,26,11.5384615384615,"partial_cast_missing",TRUE
"278","LACSD","LACSD_25032",2022-02-03,26,3,24,26,11.5384615384615,"partial_cast_missing",TRUE
"279","LACSD","LACSD_2701",2019-02-06,26,3,24,26,11.5384615384615,"partial_cast_missing",TRUE
"280","LACSD","LACSD_2701",2019-08-08,26,3,24,26,11.5384615384615,"partial_cast_missing",TRUE
"281","LACSD","LACSD_2702",2019-08-08,26,3,24,26,11.5384615384615,"partial_cast_missing",TRUE
"282","LACSD","LACSD_2501",2023-05-03,9,1,9,9,11.1111111111111,"partial_cast_missing",TRUE
"283","LACSD","LACSD_2801",2023-08-30,9,1,9,9,11.1111111111111,"partial_cast_missing",TRUE
"284","LACSD","LACSD_3001",2023-05-02,9,1,9,9,11.1111111111111,"partial_cast_missing",TRUE
"285","LACSD","LACSD_3001",2023-08-29,9,1,9,9,11.1111111111111,"partial_cast_missing",TRUE
"286","LACSD","LACSD_30012",2023-05-02,9,1,9,9,11.1111111111111,"partial_cast_missing",TRUE
"287","LACSD","LACSD_3101",2023-11-01,9,1,9,9,11.1111111111111,"partial_cast_missing",TRUE
"288","LACSD","LACSD_2703",2019-02-06,28,3,26,28,10.7142857142857,"partial_cast_missing",TRUE
"289","LACSD","LACSD_2703",2022-08-03,28,3,26,28,10.7142857142857,"partial_cast_missing",TRUE
"290","LACSD","LACSD_2501",2021-06-10,10,1,10,10,10,"partial_cast_missing",TRUE
"291","LACSD","LACSD_2501",2022-08-03,10,1,10,10,10,"partial_cast_missing",TRUE
"292","LACSD","LACSD_2502",2019-05-09,20,2,19,20,10,"partial_cast_missing",TRUE
"293","LACSD","LACSD_2502",2019-08-08,20,2,19,20,10,"partial_cast_missing",TRUE
"294","LACSD","LACSD_2502",2019-11-21,20,2,19,20,10,"partial_cast_missing",TRUE
"295","LACSD","LACSD_2502",2020-06-16,20,2,19,20,10,"partial_cast_missing",TRUE
"296","LACSD","LACSD_2502",2020-11-04,20,2,19,20,10,"partial_cast_missing",TRUE
"297","LACSD","LACSD_2502",2021-02-04,20,2,19,20,10,"partial_cast_missing",TRUE
"298","LACSD","LACSD_2502",2021-08-04,20,2,19,20,10,"partial_cast_missing",TRUE
"299","LACSD","LACSD_2502",2022-02-03,20,2,19,20,10,"partial_cast_missing",TRUE
"300","LACSD","LACSD_2502",2022-08-03,20,2,19,20,10,"partial_cast_missing",TRUE
"301","LACSD","LACSD_2502",2022-11-09,20,2,19,20,10,"partial_cast_missing",TRUE
"302","LACSD","LACSD_25022",2023-02-08,20,2,19,20,10,"partial_cast_missing",TRUE
"303","LACSD","LACSD_2704",2020-02-05,50,5,46,50,10,"partial_cast_missing",TRUE
"304","LACSD","LACSD_2704",2020-08-05,50,5,46,50,10,"partial_cast_missing",TRUE
"305","LACSD","LACSD_2704",2021-02-12,50,5,46,50,10,"partial_cast_missing",TRUE
"306","LACSD","LACSD_2801",2020-06-18,10,1,10,10,10,"partial_cast_missing",TRUE
"307","LACSD","LACSD_2801",2020-11-04,10,1,10,10,10,"partial_cast_missing",TRUE
"308","LACSD","LACSD_2801",2021-08-04,10,1,10,10,10,"partial_cast_missing",TRUE
"309","LACSD","LACSD_2801",2021-11-03,10,1,10,10,10,"partial_cast_missing",TRUE
"310","LACSD","LACSD_2801",2022-02-03,10,1,10,10,10,"partial_cast_missing",TRUE
"311","LACSD","LACSD_2801",2022-08-03,10,1,10,10,10,"partial_cast_missing",TRUE
"312","LACSD","LACSD_2801",2023-02-08,10,1,10,10,10,"partial_cast_missing",TRUE
"313","LACSD","LACSD_2801",2023-11-02,10,1,10,10,10,"partial_cast_missing",TRUE
"314","LACSD","LACSD_2901",2020-08-04,10,1,10,10,10,"partial_cast_missing",TRUE
"315","LACSD","LACSD_2901",2022-05-04,10,1,10,10,10,"partial_cast_missing",TRUE
"316","LACSD","LACSD_2901",2022-08-02,10,1,10,10,10,"partial_cast_missing",TRUE
"317","LACSD","LACSD_2901",2022-11-09,10,1,10,10,10,"partial_cast_missing",TRUE
"318","LACSD","LACSD_3001",2021-06-08,10,1,10,10,10,"partial_cast_missing",TRUE
"319","LACSD","LACSD_3001",2023-11-01,10,1,10,10,10,"partial_cast_missing",TRUE
"320","LACSD","LACSD_3002",2019-05-07,30,3,28,30,10,"partial_cast_missing",TRUE
"321","LACSD","LACSD_3002",2021-02-03,30,3,28,30,10,"partial_cast_missing",TRUE
"322","LACSD","LACSD_3101",2019-08-07,20,2,19,20,10,"partial_cast_missing",TRUE
"323","LACSD","LACSD_2604",2019-08-08,32,3,30,32,9.375,"partial_cast_missing",TRUE
"324","LACSD","LACSD_2604",2019-11-21,32,3,30,32,9.375,"partial_cast_missing",TRUE
"325","LACSD","LACSD_2604",2020-02-05,32,3,30,32,9.375,"partial_cast_missing",TRUE
"326","LACSD","LACSD_2604",2020-11-04,32,3,1,32,9.375,"partial_cast_missing",FALSE
"327","LACSD","LACSD_2604",2021-02-04,32,3,30,32,9.375,"partial_cast_missing",TRUE
"328","LACSD","LACSD_26042",2022-05-05,32,3,30,32,9.375,"partial_cast_missing",TRUE
"329","LACSD","LACSD_2504",2019-08-08,33,3,31,33,9.09090909090909,"partial_cast_missing",TRUE
"330","LACSD","LACSD_2504",2021-02-04,33,3,31,33,9.09090909090909,"partial_cast_missing",TRUE
"331","LACSD","LACSD_2504",2021-08-04,33,3,31,33,9.09090909090909,"partial_cast_missing",TRUE
"332","LACSD","LACSD_2504",2022-02-03,33,3,31,33,9.09090909090909,"partial_cast_missing",TRUE
"333","LACSD","LACSD_2504",2022-08-03,33,3,31,33,9.09090909090909,"partial_cast_missing",TRUE
"334","LACSD","LACSD_2504",2022-11-09,33,3,31,33,9.09090909090909,"partial_cast_missing",TRUE
"335","LACSD","LACSD_2505",2020-02-05,44,4,41,44,9.09090909090909,"partial_cast_missing",TRUE
"336","LACSD","LACSD_2505",2021-11-03,44,4,41,44,9.09090909090909,"partial_cast_missing",TRUE
"337","LACSD","LACSD_2901",2023-11-01,11,1,11,11,9.09090909090909,"partial_cast_missing",TRUE
"338","LACSD","LACSD_2602",2019-02-06,23,2,22,23,8.69565217391304,"partial_cast_missing",TRUE
"339","LACSD","LACSD_2602",2019-05-09,23,2,22,23,8.69565217391304,"partial_cast_missing",TRUE
"340","LACSD","LACSD_2602",2019-08-08,23,2,22,23,8.69565217391304,"partial_cast_missing",TRUE
"341","LACSD","LACSD_2602",2020-08-05,23,2,22,23,8.69565217391304,"partial_cast_missing",TRUE
"342","LACSD","LACSD_2602",2021-06-10,23,2,22,23,8.69565217391304,"partial_cast_missing",TRUE
"343","LACSD","LACSD_2602",2021-11-03,23,2,22,23,8.69565217391304,"partial_cast_missing",TRUE
"344","LACSD","LACSD_2602",2022-05-05,23,2,22,23,8.69565217391304,"partial_cast_missing",TRUE
"345","LACSD","LACSD_2602",2022-11-09,23,2,22,23,8.69565217391304,"partial_cast_missing",TRUE
"346","LACSD","LACSD_2602",2023-11-02,23,2,22,23,8.69565217391304,"partial_cast_missing",TRUE
"347","LACSD","LACSD_26022",2021-11-03,23,2,22,23,8.69565217391304,"partial_cast_missing",TRUE
"348","LACSD","LACSD_2603",2019-11-21,23,2,22,23,8.69565217391304,"partial_cast_missing",TRUE
"349","LACSD","LACSD_2603",2020-06-16,23,2,22,23,8.69565217391304,"partial_cast_missing",TRUE
"350","LACSD","LACSD_2603",2020-11-04,23,2,22,23,8.69565217391304,"partial_cast_missing",TRUE
"351","LACSD","LACSD_2603",2022-05-05,23,2,22,23,8.69565217391304,"partial_cast_missing",TRUE
"352","LACSD","LACSD_2603",2023-02-08,23,2,22,23,8.69565217391304,"partial_cast_missing",TRUE
"353","LACSD","LACSD_2603",2023-11-02,23,2,22,23,8.69565217391304,"partial_cast_missing",TRUE
"354","LACSD","LACSD_2605",2021-02-04,47,4,44,47,8.51063829787234,"partial_cast_missing",TRUE
"355","LACSD","LACSD_2602",2023-08-30,24,2,23,24,8.33333333333333,"partial_cast_missing",TRUE
"356","LACSD","LACSD_3051",2023-05-02,12,1,12,12,8.33333333333333,"partial_cast_missing",TRUE
"357","LACSD","LACSD_3053",2021-02-03,60,5,56,60,8.33333333333333,"partial_cast_missing",TRUE
"358","LACSD","LACSD_31012",2023-05-02,12,1,12,12,8.33333333333333,"partial_cast_missing",TRUE
"359","LACSD","LACSD_2701",2020-08-05,25,2,24,25,8,"partial_cast_missing",TRUE
"360","LACSD","LACSD_2701",2022-08-03,25,2,24,25,8,"partial_cast_missing",TRUE
"361","LACSD","LACSD_2701",2022-11-09,25,2,24,25,8,"partial_cast_missing",TRUE
"362","LACSD","LACSD_27012",2020-08-05,25,2,24,25,8,"partial_cast_missing",TRUE
"363","LACSD","LACSD_2704",2019-02-06,50,4,47,50,8,"partial_cast_missing",TRUE
"364","LACSD","LACSD_2704",2019-05-08,50,4,47,50,8,"partial_cast_missing",TRUE
"365","LACSD","LACSD_2704",2019-08-08,50,4,47,50,8,"partial_cast_missing",TRUE
"366","LACSD","LACSD_2704",2022-02-03,50,4,47,50,8,"partial_cast_missing",TRUE
"367","LACSD","LACSD_2704",2022-08-03,50,4,47,50,8,"partial_cast_missing",TRUE
"368","LACSD","LACSD_2503",2019-08-08,26,2,25,26,7.69230769230769,"partial_cast_missing",TRUE
"369","LACSD","LACSD_2503",2019-11-21,26,2,25,26,7.69230769230769,"partial_cast_missing",TRUE
"370","LACSD","LACSD_2503",2020-06-16,26,2,25,26,7.69230769230769,"partial_cast_missing",TRUE
"371","LACSD","LACSD_2503",2020-08-05,26,2,25,26,7.69230769230769,"partial_cast_missing",TRUE
"372","LACSD","LACSD_2503",2020-11-04,26,2,25,26,7.69230769230769,"partial_cast_missing",TRUE
"373","LACSD","LACSD_2503",2021-02-04,26,2,25,26,7.69230769230769,"partial_cast_missing",TRUE
"374","LACSD","LACSD_2503",2021-06-10,26,2,25,26,7.69230769230769,"partial_cast_missing",TRUE
"375","LACSD","LACSD_2503",2022-05-05,26,2,25,26,7.69230769230769,"partial_cast_missing",TRUE
"376","LACSD","LACSD_2503",2023-08-30,26,2,25,26,7.69230769230769,"partial_cast_missing",TRUE
"377","LACSD","LACSD_25032",2019-02-06,26,2,25,26,7.69230769230769,"partial_cast_missing",TRUE
"378","LACSD","LACSD_2701",2019-05-08,26,2,25,26,7.69230769230769,"partial_cast_missing",TRUE
"379","LACSD","LACSD_2701",2019-11-21,26,2,25,26,7.69230769230769,"partial_cast_missing",TRUE
"380","LACSD","LACSD_2701",2020-02-05,26,2,25,26,7.69230769230769,"partial_cast_missing",TRUE
"381","LACSD","LACSD_2701",2023-11-02,26,2,25,26,7.69230769230769,"partial_cast_missing",TRUE
"382","LACSD","LACSD_2702",2019-02-06,26,2,25,26,7.69230769230769,"partial_cast_missing",TRUE
"383","LACSD","LACSD_2702",2019-05-08,26,2,25,26,7.69230769230769,"partial_cast_missing",TRUE
"384","LACSD","LACSD_2702",2019-11-21,26,2,25,26,7.69230769230769,"partial_cast_missing",TRUE
"385","LACSD","LACSD_2702",2020-02-05,26,2,25,26,7.69230769230769,"partial_cast_missing",TRUE
"386","LACSD","LACSD_2702",2021-06-10,26,2,25,26,7.69230769230769,"partial_cast_missing",TRUE
"387","LACSD","LACSD_2702",2021-08-04,26,2,25,26,7.69230769230769,"partial_cast_missing",TRUE
"388","LACSD","LACSD_2702",2022-08-03,26,2,25,26,7.69230769230769,"partial_cast_missing",TRUE
"389","LACSD","LACSD_2702",2022-11-09,26,2,25,26,7.69230769230769,"partial_cast_missing",TRUE
"390","LACSD","LACSD_2702",2023-11-02,26,2,25,26,7.69230769230769,"partial_cast_missing",TRUE
"391","LACSD","LACSD_3051",2020-11-03,13,1,13,13,7.69230769230769,"partial_cast_missing",TRUE
"392","LACSD","LACSD_3051",2021-06-08,13,1,13,13,7.69230769230769,"partial_cast_missing",TRUE
"393","LACSD","LACSD_30512",2022-02-02,13,1,13,13,7.69230769230769,"partial_cast_missing",TRUE
"394","LACSD","LACSD_2706",2021-02-04,80,6,75,80,7.5,"partial_cast_missing",TRUE
"395","LACSD","LACSD_2703",2019-08-08,28,2,27,28,7.14285714285714,"partial_cast_missing",TRUE
"396","LACSD","LACSD_2703",2019-11-21,28,2,27,28,7.14285714285714,"partial_cast_missing",TRUE
"397","LACSD","LACSD_2703",2021-06-10,28,2,27,28,7.14285714285714,"partial_cast_missing",TRUE
"398","LACSD","LACSD_2703",2021-08-04,28,2,27,28,7.14285714285714,"partial_cast_missing",TRUE
"399","LACSD","LACSD_27032",2019-08-08,28,2,27,28,7.14285714285714,"partial_cast_missing",TRUE
"400","LACSD","LACSD_27032",2022-08-03,28,2,27,28,7.14285714285714,"partial_cast_missing",TRUE
"401","LACSD","LACSD_2705",2019-02-06,100,7,94,100,7,"partial_cast_missing",TRUE
"402","LACSD","LACSD_2906",2021-06-09,100,7,1,100,7,"partial_cast_missing",FALSE
"403","LACSD","LACSD_2505",2019-02-06,44,3,42,44,6.81818181818182,"partial_cast_missing",TRUE
"404","LACSD","LACSD_2505",2019-08-08,44,3,42,44,6.81818181818182,"partial_cast_missing",TRUE
"405","LACSD","LACSD_2505",2019-11-21,44,3,42,44,6.81818181818182,"partial_cast_missing",TRUE
"406","LACSD","LACSD_2505",2020-08-05,44,3,42,44,6.81818181818182,"partial_cast_missing",TRUE
"407","LACSD","LACSD_2505",2020-11-04,44,3,42,44,6.81818181818182,"partial_cast_missing",TRUE
"408","LACSD","LACSD_2505",2021-02-04,44,3,42,44,6.81818181818182,"partial_cast_missing",TRUE
"409","LACSD","LACSD_2505",2021-08-04,44,3,42,44,6.81818181818182,"partial_cast_missing",TRUE
"410","LACSD","LACSD_2505",2022-05-05,44,3,42,44,6.81818181818182,"partial_cast_missing",TRUE
"411","LACSD","LACSD_25052",2021-02-04,44,3,42,44,6.81818181818182,"partial_cast_missing",TRUE
"412","LACSD","LACSD_2506",2019-02-06,60,4,57,60,6.66666666666667,"partial_cast_missing",TRUE
"413","LACSD","LACSD_2506",2021-08-04,60,4,1,60,6.66666666666667,"partial_cast_missing",FALSE
"414","LACSD","LACSD_2802",2019-05-08,30,2,29,30,6.66666666666667,"partial_cast_missing",TRUE
"415","LACSD","LACSD_2802",2020-08-05,30,2,29,30,6.66666666666667,"partial_cast_missing",TRUE
"416","LACSD","LACSD_2802",2021-02-03,30,2,29,30,6.66666666666667,"partial_cast_missing",TRUE
"417","LACSD","LACSD_2802",2021-06-09,30,2,29,30,6.66666666666667,"partial_cast_missing",TRUE
"418","LACSD","LACSD_2802",2022-05-05,30,2,29,30,6.66666666666667,"partial_cast_missing",TRUE
"419","LACSD","LACSD_2803",2022-08-03,60,4,57,60,6.66666666666667,"partial_cast_missing",TRUE
"420","LACSD","LACSD_2902",2020-08-04,30,2,29,30,6.66666666666667,"partial_cast_missing",TRUE
"421","LACSD","LACSD_2902",2020-11-03,30,2,29,30,6.66666666666667,"partial_cast_missing",TRUE
"422","LACSD","LACSD_2902",2021-02-03,30,2,29,30,6.66666666666667,"partial_cast_missing",TRUE
"423","LACSD","LACSD_2902",2023-08-29,30,2,29,30,6.66666666666667,"partial_cast_missing",TRUE
"424","LACSD","LACSD_29022",2020-08-04,30,2,29,30,6.66666666666667,"partial_cast_missing",TRUE
"425","LACSD","LACSD_29022",2023-08-29,30,2,29,30,6.66666666666667,"partial_cast_missing",TRUE
"426","LACSD","LACSD_3002",2019-08-07,30,2,29,30,6.66666666666667,"partial_cast_missing",TRUE
"427","LACSD","LACSD_3002",2020-02-04,30,2,29,30,6.66666666666667,"partial_cast_missing",TRUE
"428","LACSD","LACSD_3002",2020-06-17,30,2,29,30,6.66666666666667,"partial_cast_missing",TRUE
"429","LACSD","LACSD_3002",2020-11-03,30,2,29,30,6.66666666666667,"partial_cast_missing",TRUE
"430","LACSD","LACSD_3002",2021-06-08,30,2,29,30,6.66666666666667,"partial_cast_missing",TRUE
"431","LACSD","LACSD_3002",2021-08-03,30,2,29,30,6.66666666666667,"partial_cast_missing",TRUE
"432","LACSD","LACSD_3002",2021-11-02,30,2,29,30,6.66666666666667,"partial_cast_missing",TRUE
"433","LACSD","LACSD_3002",2022-08-02,30,2,29,30,6.66666666666667,"partial_cast_missing",TRUE
"434","LACSD","LACSD_3002",2023-02-07,30,2,29,30,6.66666666666667,"partial_cast_missing",TRUE
"435","LACSD","LACSD_30022",2019-05-07,30,2,29,30,6.66666666666667,"partial_cast_missing",TRUE
"436","LACSD","LACSD_3053",2020-06-17,60,4,57,60,6.66666666666667,"partial_cast_missing",TRUE
"437","LACSD","LACSD_3102",2020-08-04,30,2,29,30,6.66666666666667,"partial_cast_missing",TRUE
"438","LACSD","LACSD_3102",2021-02-02,30,2,29,30,6.66666666666667,"partial_cast_missing",TRUE
"439","LACSD","LACSD_3102",2022-05-04,30,2,29,30,6.66666666666667,"partial_cast_missing",TRUE
"440","LACSD","LACSD_31022",2022-05-04,30,2,29,30,6.66666666666667,"partial_cast_missing",TRUE
"441","LACSD","LACSD_2802",2023-05-03,31,2,30,31,6.45161290322581,"partial_cast_missing",TRUE
"442","LACSD","LACSD_2802",2023-08-30,31,2,30,31,6.45161290322581,"partial_cast_missing",TRUE
"443","LACSD","LACSD_2902",2023-11-01,31,2,30,31,6.45161290322581,"partial_cast_missing",TRUE
"444","LACSD","LACSD_2605",2019-08-08,47,3,45,47,6.38297872340426,"partial_cast_missing",TRUE
"445","LACSD","LACSD_2605",2019-11-21,47,3,45,47,6.38297872340426,"partial_cast_missing",TRUE
"446","LACSD","LACSD_2604",2019-05-09,32,2,31,32,6.25,"partial_cast_missing",TRUE
"447","LACSD","LACSD_2604",2020-06-16,32,2,31,32,6.25,"partial_cast_missing",TRUE
"448","LACSD","LACSD_2604",2020-08-05,32,2,31,32,6.25,"partial_cast_missing",TRUE
"449","LACSD","LACSD_2604",2021-06-10,32,2,31,32,6.25,"partial_cast_missing",TRUE
"450","LACSD","LACSD_2604",2021-08-04,32,2,31,32,6.25,"partial_cast_missing",TRUE
"451","LACSD","LACSD_2604",2021-11-03,32,2,31,32,6.25,"partial_cast_missing",TRUE
"452","LACSD","LACSD_2604",2022-02-03,32,2,31,32,6.25,"partial_cast_missing",TRUE
"453","LACSD","LACSD_2604",2022-08-03,32,2,31,32,6.25,"partial_cast_missing",TRUE
"454","LACSD","LACSD_2604",2022-11-09,32,2,31,32,6.25,"partial_cast_missing",TRUE
"455","LACSD","LACSD_26042",2019-05-09,32,2,31,32,6.25,"partial_cast_missing",TRUE
"456","LACSD","LACSD_2706",2019-05-08,80,5,76,80,6.25,"partial_cast_missing",TRUE
"457","LACSD","LACSD_2706",2019-08-08,80,5,76,80,6.25,"partial_cast_missing",TRUE
"458","LACSD","LACSD_2706",2019-11-21,80,5,76,80,6.25,"partial_cast_missing",TRUE
"459","LACSD","LACSD_2706",2020-02-05,80,5,76,80,6.25,"partial_cast_missing",TRUE
"460","LACSD","LACSD_2706",2021-06-09,80,5,76,80,6.25,"partial_cast_missing",TRUE
"461","LACSD","LACSD_2706",2021-08-04,80,5,76,80,6.25,"partial_cast_missing",TRUE
"462","LACSD","LACSD_2706",2022-02-03,80,5,76,80,6.25,"partial_cast_missing",TRUE
"463","LACSD","LACSD_2706",2022-05-05,80,5,76,80,6.25,"partial_cast_missing",TRUE
"464","LACSD","LACSD_27062",2019-02-06,80,5,76,80,6.25,"partial_cast_missing",TRUE
"465","LACSD","LACSD_27062",2022-02-03,80,5,76,80,6.25,"partial_cast_missing",TRUE
"466","LACSD","LACSD_2504",2019-02-06,33,2,32,33,6.06060606060606,"partial_cast_missing",TRUE
"467","LACSD","LACSD_2504",2019-05-09,33,2,32,33,6.06060606060606,"partial_cast_missing",TRUE
"468","LACSD","LACSD_2504",2019-11-21,33,2,32,33,6.06060606060606,"partial_cast_missing",TRUE
"469","LACSD","LACSD_2504",2020-06-16,33,2,32,33,6.06060606060606,"partial_cast_missing",TRUE
"470","LACSD","LACSD_2504",2020-08-05,33,2,32,33,6.06060606060606,"partial_cast_missing",TRUE
"471","LACSD","LACSD_2504",2020-11-04,33,2,32,33,6.06060606060606,"partial_cast_missing",TRUE
"472","LACSD","LACSD_2504",2022-05-05,33,2,32,33,6.06060606060606,"partial_cast_missing",TRUE
"473","LACSD","LACSD_2504",2023-02-08,33,2,32,33,6.06060606060606,"partial_cast_missing",TRUE
"474","LACSD","LACSD_3052",2020-11-03,33,2,32,33,6.06060606060606,"partial_cast_missing",TRUE
"475","LACSD","LACSD_3052",2021-02-03,33,2,32,33,6.06060606060606,"partial_cast_missing",TRUE
"476","LACSD","LACSD_3052",2021-11-02,33,2,32,33,6.06060606060606,"partial_cast_missing",TRUE
"477","LACSD","LACSD_3052",2022-02-02,33,2,32,33,6.06060606060606,"partial_cast_missing",TRUE
"478","LACSD","LACSD_3052",2022-05-04,33,2,32,33,6.06060606060606,"partial_cast_missing",TRUE
"479","LACSD","LACSD_30522",2020-08-04,33,2,32,33,6.06060606060606,"partial_cast_missing",TRUE
"480","LACSD","LACSD_2704",2019-11-21,50,3,48,50,6,"partial_cast_missing",TRUE
"481","LACSD","LACSD_2704",2020-06-18,50,3,48,50,6,"partial_cast_missing",TRUE
"482","LACSD","LACSD_2704",2021-06-09,50,3,48,50,6,"partial_cast_missing",TRUE
"483","LACSD","LACSD_2704",2021-08-04,50,3,48,50,6,"partial_cast_missing",TRUE
"484","LACSD","LACSD_2704",2021-11-03,50,3,48,50,6,"partial_cast_missing",TRUE
"485","LACSD","LACSD_2704",2022-05-05,50,3,48,50,6,"partial_cast_missing",TRUE
"486","LACSD","LACSD_2704",2022-11-09,50,3,48,50,6,"partial_cast_missing",TRUE
"487","LACSD","LACSD_27042",2021-08-04,50,3,48,50,6,"partial_cast_missing",TRUE
"488","LACSD","LACSD_2502",2023-05-03,19,1,19,19,5.26315789473684,"partial_cast_missing",TRUE
"489","LACSD","LACSD_2502",2023-08-30,19,1,19,19,5.26315789473684,"partial_cast_missing",TRUE
"490","LACSD","LACSD_2502",2023-02-08,20,1,20,20,5,"partial_cast_missing",TRUE
"491","LACSD","LACSD_2502",2023-11-02,20,1,20,20,5,"partial_cast_missing",TRUE
"492","LACSD","LACSD_2506",2019-11-21,60,3,58,60,5,"partial_cast_missing",TRUE
"493","LACSD","LACSD_2506",2020-02-05,60,3,58,60,5,"partial_cast_missing",TRUE
"494","LACSD","LACSD_2506",2021-02-04,60,3,58,60,5,"partial_cast_missing",TRUE
"495","LACSD","LACSD_2706",2019-02-06,80,4,77,80,5,"partial_cast_missing",TRUE
"496","LACSD","LACSD_2706",2020-11-04,80,4,77,80,5,"partial_cast_missing",TRUE
"497","LACSD","LACSD_2706",2021-11-03,80,4,77,80,5,"partial_cast_missing",TRUE
"498","LACSD","LACSD_2706",2022-08-03,80,4,77,80,5,"partial_cast_missing",TRUE
"499","LACSD","LACSD_2706",2022-11-09,80,4,77,80,5,"partial_cast_missing",TRUE
"500","LACSD","LACSD_2903",2021-06-09,60,3,1,60,5,"partial_cast_missing",FALSE
"501","LACSD","LACSD_3053",2020-02-04,60,3,58,60,5,"partial_cast_missing",TRUE
"502","LACSD","LACSD_30532",2021-02-03,60,3,58,60,5,"partial_cast_missing",TRUE
"503","LACSD","LACSD_3101",2020-08-04,20,1,20,20,5,"partial_cast_missing",TRUE
"504","LACSD","LACSD_3101",2021-02-02,20,1,20,20,5,"partial_cast_missing",TRUE
"505","LACSD","LACSD_3101",2021-08-03,20,1,20,20,5,"partial_cast_missing",TRUE
"506","LACSD","LACSD_3101",2021-11-02,20,1,20,20,5,"partial_cast_missing",TRUE
"507","LACSD","LACSD_3101",2022-02-02,20,1,20,20,5,"partial_cast_missing",TRUE
"508","LACSD","LACSD_3103",2022-05-04,60,3,58,60,5,"partial_cast_missing",TRUE
"509","LACSD","LACSD_2903",2023-08-29,61,3,59,61,4.91803278688525,"partial_cast_missing",TRUE
"510","LACSD","LACSD_2606",2019-02-06,62,3,60,62,4.83870967741935,"partial_cast_missing",TRUE
"511","LACSD","LACSD_2606",2019-11-21,62,3,60,62,4.83870967741935,"partial_cast_missing",TRUE
"512","LACSD","LACSD_2606",2020-02-05,62,3,60,62,4.83870967741935,"partial_cast_missing",TRUE
"513","LACSD","LACSD_2606",2021-02-04,62,3,60,62,4.83870967741935,"partial_cast_missing",TRUE
"514","LACSD","LACSD_2505",2019-05-09,44,2,43,44,4.54545454545455,"partial_cast_missing",TRUE
"515","LACSD","LACSD_2505",2023-02-08,44,2,43,44,4.54545454545455,"partial_cast_missing",TRUE
"516","LACSD","LACSD_2603",2023-05-03,22,1,22,22,4.54545454545455,"partial_cast_missing",TRUE
"517","LACSD","LACSD_26032",2023-05-03,22,1,22,22,4.54545454545455,"partial_cast_missing",TRUE
"518","LACSD","LACSD_2601",2023-05-03,23,1,23,23,4.34782608695652,"partial_cast_missing",TRUE
"519","LACSD","LACSD_2602",2020-06-16,23,1,23,23,4.34782608695652,"partial_cast_missing",TRUE
"520","LACSD","LACSD_2602",2022-02-03,23,1,23,23,4.34782608695652,"partial_cast_missing",TRUE
"521","LACSD","LACSD_2602",2022-08-03,23,1,23,23,4.34782608695652,"partial_cast_missing",TRUE
"522","LACSD","LACSD_2602",2023-02-08,23,1,23,23,4.34782608695652,"partial_cast_missing",TRUE
"523","LACSD","LACSD_2602",2023-05-03,23,1,23,23,4.34782608695652,"partial_cast_missing",TRUE
"524","LACSD","LACSD_2603",2021-06-10,23,1,23,23,4.34782608695652,"partial_cast_missing",TRUE
"525","LACSD","LACSD_2603",2022-02-03,23,1,23,23,4.34782608695652,"partial_cast_missing",TRUE
"526","LACSD","LACSD_2603",2022-11-09,23,1,23,23,4.34782608695652,"partial_cast_missing",TRUE
"527","LACSD","LACSD_2603",2023-08-30,23,1,23,23,4.34782608695652,"partial_cast_missing",TRUE
"528","LACSD","LACSD_26032",2020-06-16,23,1,23,23,4.34782608695652,"partial_cast_missing",TRUE
"529","LACSD","LACSD_2605",2019-05-09,47,2,46,47,4.25531914893617,"partial_cast_missing",TRUE
"530","LACSD","LACSD_2605",2020-02-05,47,2,46,47,4.25531914893617,"partial_cast_missing",TRUE
"531","LACSD","LACSD_2605",2020-08-05,47,2,46,47,4.25531914893617,"partial_cast_missing",TRUE
"532","LACSD","LACSD_2605",2021-06-10,47,2,46,47,4.25531914893617,"partial_cast_missing",TRUE
"533","LACSD","LACSD_2605",2021-08-04,47,2,46,47,4.25531914893617,"partial_cast_missing",TRUE
"534","LACSD","LACSD_2605",2022-02-03,47,2,46,47,4.25531914893617,"partial_cast_missing",TRUE
"535","LACSD","LACSD_2605",2022-08-03,47,2,46,47,4.25531914893617,"partial_cast_missing",TRUE
"536","LACSD","LACSD_2605",2022-11-09,47,2,46,47,4.25531914893617,"partial_cast_missing",TRUE
"537","LACSD","LACSD_2601",2023-08-30,24,1,24,24,4.16666666666667,"partial_cast_missing",TRUE
"538","LACSD","LACSD_2601",2023-11-02,24,1,24,24,4.16666666666667,"partial_cast_missing",TRUE
"539","LACSD","LACSD_2503",2023-05-03,25,1,25,25,4,"partial_cast_missing",TRUE
"540","LACSD","LACSD_2701",2020-11-04,25,1,25,25,4,"partial_cast_missing",TRUE
"541","LACSD","LACSD_2701",2021-06-10,25,1,25,25,4,"partial_cast_missing",TRUE
"542","LACSD","LACSD_2701",2021-08-04,25,1,25,25,4,"partial_cast_missing",TRUE
"543","LACSD","LACSD_2701",2021-11-03,25,1,25,25,4,"partial_cast_missing",TRUE
"544","LACSD","LACSD_2701",2022-05-05,25,1,25,25,4,"partial_cast_missing",TRUE
"545","LACSD","LACSD_2704",2020-11-04,50,2,49,50,4,"partial_cast_missing",TRUE
"546","LACSD","LACSD_2805",2019-02-06,100,4,97,100,4,"partial_cast_missing",TRUE
"547","LACSD","LACSD_2503",2022-08-03,26,1,26,26,3.84615384615385,"partial_cast_missing",TRUE
"548","LACSD","LACSD_2503",2023-02-08,26,1,26,26,3.84615384615385,"partial_cast_missing",TRUE
"549","LACSD","LACSD_2503",2023-11-02,26,1,26,26,3.84615384615385,"partial_cast_missing",TRUE
"550","LACSD","LACSD_2701",2020-06-18,26,1,26,26,3.84615384615385,"partial_cast_missing",TRUE
"551","LACSD","LACSD_2701",2023-05-03,26,1,26,26,3.84615384615385,"partial_cast_missing",TRUE
"552","LACSD","LACSD_2701",2023-08-30,26,1,26,26,3.84615384615385,"partial_cast_missing",TRUE
"553","LACSD","LACSD_27012",2023-08-30,26,1,26,26,3.84615384615385,"partial_cast_missing",TRUE
"554","LACSD","LACSD_2702",2020-06-18,26,1,26,26,3.84615384615385,"partial_cast_missing",TRUE
"555","LACSD","LACSD_2702",2020-08-05,26,1,26,26,3.84615384615385,"partial_cast_missing",TRUE
"556","LACSD","LACSD_2702",2020-11-04,26,1,26,26,3.84615384615385,"partial_cast_missing",TRUE
"557","LACSD","LACSD_2702",2021-11-03,26,1,26,26,3.84615384615385,"partial_cast_missing",TRUE
"558","LACSD","LACSD_2702",2022-05-05,26,1,26,26,3.84615384615385,"partial_cast_missing",TRUE
"559","LACSD","LACSD_2702",2023-05-03,26,1,26,26,3.84615384615385,"partial_cast_missing",TRUE
"560","LACSD","LACSD_2706",2020-08-05,80,3,78,80,3.75,"partial_cast_missing",TRUE
"561","LACSD","LACSD_2706",2023-02-08,80,3,78,80,3.75,"partial_cast_missing",TRUE
"562","LACSD","LACSD_2702",2023-08-30,27,1,27,27,3.7037037037037,"partial_cast_missing",TRUE
"563","LACSD","LACSD_2703",2019-05-08,28,1,28,28,3.57142857142857,"partial_cast_missing",TRUE
"564","LACSD","LACSD_2703",2020-02-05,28,1,28,28,3.57142857142857,"partial_cast_missing",TRUE
"565","LACSD","LACSD_2703",2020-06-18,28,1,28,28,3.57142857142857,"partial_cast_missing",TRUE
"566","LACSD","LACSD_2703",2020-08-05,28,1,28,28,3.57142857142857,"partial_cast_missing",TRUE
"567","LACSD","LACSD_2703",2020-11-04,28,1,28,28,3.57142857142857,"partial_cast_missing",TRUE
"568","LACSD","LACSD_2703",2021-02-04,28,1,28,28,3.57142857142857,"partial_cast_missing",TRUE
"569","LACSD","LACSD_2703",2021-11-03,28,1,28,28,3.57142857142857,"partial_cast_missing",TRUE
"570","LACSD","LACSD_2703",2022-05-05,28,1,28,28,3.57142857142857,"partial_cast_missing",TRUE
"571","LACSD","LACSD_2703",2022-11-09,28,1,28,28,3.57142857142857,"partial_cast_missing",TRUE
"572","LACSD","LACSD_2703",2023-11-02,28,1,28,28,3.57142857142857,"partial_cast_missing",TRUE
"573","LACSD","LACSD_2703",2023-05-03,29,1,29,29,3.44827586206897,"partial_cast_missing",TRUE
"574","LACSD","LACSD_2506",2019-08-08,60,2,59,60,3.33333333333333,"partial_cast_missing",TRUE
"575","LACSD","LACSD_2506",2021-06-10,60,2,59,60,3.33333333333333,"partial_cast_missing",TRUE
"576","LACSD","LACSD_2506",2021-11-03,60,2,59,60,3.33333333333333,"partial_cast_missing",TRUE
"577","LACSD","LACSD_2506",2022-02-03,60,2,59,60,3.33333333333333,"partial_cast_missing",TRUE
"578","LACSD","LACSD_2506",2022-05-05,60,2,59,60,3.33333333333333,"partial_cast_missing",TRUE
"579","LACSD","LACSD_2506",2023-08-30,60,2,59,60,3.33333333333333,"partial_cast_missing",TRUE
"580","LACSD","LACSD_25062",2019-08-08,60,2,59,60,3.33333333333333,"partial_cast_missing",TRUE
"581","LACSD","LACSD_2802",2019-02-06,30,1,30,30,3.33333333333333,"partial_cast_missing",TRUE
"582","LACSD","LACSD_2802",2020-02-05,30,1,30,30,3.33333333333333,"partial_cast_missing",TRUE
"583","LACSD","LACSD_2802",2021-08-04,30,1,30,30,3.33333333333333,"partial_cast_missing",TRUE
"584","LACSD","LACSD_2802",2021-11-03,30,1,30,30,3.33333333333333,"partial_cast_missing",TRUE
"585","LACSD","LACSD_2802",2022-02-03,30,1,30,30,3.33333333333333,"partial_cast_missing",TRUE
"586","LACSD","LACSD_2802",2022-08-03,30,1,30,30,3.33333333333333,"partial_cast_missing",TRUE
"587","LACSD","LACSD_2802",2022-11-09,30,1,30,30,3.33333333333333,"partial_cast_missing",TRUE
"588","LACSD","LACSD_2802",2023-02-08,30,1,30,30,3.33333333333333,"partial_cast_missing",TRUE
"589","LACSD","LACSD_28022",2020-11-04,30,1,30,30,3.33333333333333,"partial_cast_missing",TRUE
"590","LACSD","LACSD_2803",2019-02-06,60,2,59,60,3.33333333333333,"partial_cast_missing",TRUE
"591","LACSD","LACSD_2803",2020-08-05,60,2,59,60,3.33333333333333,"partial_cast_missing",TRUE
"592","LACSD","LACSD_2803",2021-02-04,60,2,59,60,3.33333333333333,"partial_cast_missing",TRUE
"593","LACSD","LACSD_2803",2021-11-03,60,2,59,60,3.33333333333333,"partial_cast_missing",TRUE
"594","LACSD","LACSD_2803",2022-05-05,60,2,59,60,3.33333333333333,"partial_cast_missing",TRUE
"595","LACSD","LACSD_28032",2021-06-09,60,2,59,60,3.33333333333333,"partial_cast_missing",TRUE
"596","LACSD","LACSD_2902",2019-05-08,30,1,30,30,3.33333333333333,"partial_cast_missing",TRUE
"597","LACSD","LACSD_2902",2019-08-07,30,1,30,30,3.33333333333333,"partial_cast_missing",TRUE
"598","LACSD","LACSD_2902",2019-11-19,30,1,30,30,3.33333333333333,"partial_cast_missing",TRUE
"599","LACSD","LACSD_2902",2020-06-17,30,1,30,30,3.33333333333333,"partial_cast_missing",TRUE
"600","LACSD","LACSD_2902",2021-08-03,30,1,30,30,3.33333333333333,"partial_cast_missing",TRUE
"601","LACSD","LACSD_2902",2022-02-02,30,1,30,30,3.33333333333333,"partial_cast_missing",TRUE
"602","LACSD","LACSD_2902",2022-05-04,30,1,30,30,3.33333333333333,"partial_cast_missing",TRUE
"603","LACSD","LACSD_2902",2022-08-02,30,1,30,30,3.33333333333333,"partial_cast_missing",TRUE
"604","LACSD","LACSD_2902",2023-02-07,30,1,30,30,3.33333333333333,"partial_cast_missing",TRUE
"605","LACSD","LACSD_2902",2023-05-02,30,1,30,30,3.33333333333333,"partial_cast_missing",TRUE
"606","LACSD","LACSD_2903",2019-05-08,60,2,59,60,3.33333333333333,"partial_cast_missing",TRUE
"607","LACSD","LACSD_2903",2020-02-04,60,2,59,60,3.33333333333333,"partial_cast_missing",TRUE
"608","LACSD","LACSD_2903",2020-06-17,60,2,59,60,3.33333333333333,"partial_cast_missing",TRUE
"609","LACSD","LACSD_2903",2021-02-03,60,2,59,60,3.33333333333333,"partial_cast_missing",TRUE
"610","LACSD","LACSD_2903",2021-11-02,60,2,59,60,3.33333333333333,"partial_cast_missing",TRUE
"611","LACSD","LACSD_2903",2022-05-04,60,2,59,60,3.33333333333333,"partial_cast_missing",TRUE
"612","LACSD","LACSD_29032",2021-02-03,60,2,59,60,3.33333333333333,"partial_cast_missing",TRUE
"613","LACSD","LACSD_3002",2019-11-19,30,1,30,30,3.33333333333333,"partial_cast_missing",TRUE
"614","LACSD","LACSD_3002",2020-08-04,30,1,30,30,3.33333333333333,"partial_cast_missing",TRUE
"615","LACSD","LACSD_3002",2022-02-02,30,1,30,30,3.33333333333333,"partial_cast_missing",TRUE
"616","LACSD","LACSD_3002",2022-05-04,30,1,30,30,3.33333333333333,"partial_cast_missing",TRUE
"617","LACSD","LACSD_3002",2022-11-10,30,1,30,30,3.33333333333333,"partial_cast_missing",TRUE
"618","LACSD","LACSD_3002",2023-05-02,30,1,30,30,3.33333333333333,"partial_cast_missing",TRUE
"619","LACSD","LACSD_30022",2022-05-04,30,1,30,30,3.33333333333333,"partial_cast_missing",TRUE
"620","LACSD","LACSD_3003",2019-11-19,60,2,1,2,3.33333333333333,"partial_cast_missing",FALSE
"621","LACSD","LACSD_3003",2020-02-04,60,2,59,60,3.33333333333333,"partial_cast_missing",TRUE
"622","LACSD","LACSD_3003",2021-02-03,60,2,59,60,3.33333333333333,"partial_cast_missing",TRUE
"623","LACSD","LACSD_3003",2022-08-02,60,2,59,60,3.33333333333333,"partial_cast_missing",TRUE
"624","LACSD","LACSD_3052",2019-08-07,30,1,30,30,3.33333333333333,"partial_cast_missing",TRUE
"625","LACSD","LACSD_3053",2019-02-07,60,2,59,60,3.33333333333333,"partial_cast_missing",TRUE
"626","LACSD","LACSD_3053",2019-05-07,60,2,59,60,3.33333333333333,"partial_cast_missing",TRUE
"627","LACSD","LACSD_3053",2019-08-07,60,2,59,60,3.33333333333333,"partial_cast_missing",TRUE
"628","LACSD","LACSD_3053",2022-05-04,60,2,59,60,3.33333333333333,"partial_cast_missing",TRUE
"629","LACSD","LACSD_3102",2019-02-07,30,1,30,30,3.33333333333333,"partial_cast_missing",TRUE
"630","LACSD","LACSD_3102",2019-05-07,30,1,30,30,3.33333333333333,"partial_cast_missing",TRUE
"631","LACSD","LACSD_3102",2019-08-07,30,1,30,30,3.33333333333333,"partial_cast_missing",TRUE
"632","LACSD","LACSD_3102",2020-02-04,30,1,30,30,3.33333333333333,"partial_cast_missing",TRUE
"633","LACSD","LACSD_3103",2021-02-02,60,2,59,60,3.33333333333333,"partial_cast_missing",TRUE
"634","LACSD","LACSD_3103",2021-06-08,60,2,59,60,3.33333333333333,"partial_cast_missing",TRUE
"635","LACSD","LACSD_3103",2022-02-02,60,2,59,60,3.33333333333333,"partial_cast_missing",TRUE
"636","LACSD","LACSD_3103",2023-02-07,60,2,59,60,3.33333333333333,"partial_cast_missing",TRUE
"637","LACSD","LACSD_3103",2023-05-02,61,2,60,61,3.27868852459016,"partial_cast_missing",TRUE
"638","LACSD","LACSD_2604",2023-05-03,31,1,31,31,3.2258064516129,"partial_cast_missing",TRUE
"639","LACSD","LACSD_2606",2019-08-08,62,2,61,62,3.2258064516129,"partial_cast_missing",TRUE
"640","LACSD","LACSD_2606",2020-06-16,62,2,61,62,3.2258064516129,"partial_cast_missing",TRUE
"641","LACSD","LACSD_2606",2020-08-05,62,2,61,62,3.2258064516129,"partial_cast_missing",TRUE
"642","LACSD","LACSD_2606",2021-06-10,62,2,61,62,3.2258064516129,"partial_cast_missing",TRUE
"643","LACSD","LACSD_2606",2021-08-04,62,2,1,62,3.2258064516129,"partial_cast_missing",FALSE
"644","LACSD","LACSD_2606",2021-11-03,62,2,61,62,3.2258064516129,"partial_cast_missing",TRUE
"645","LACSD","LACSD_2606",2022-02-03,62,2,61,62,3.2258064516129,"partial_cast_missing",TRUE
"646","LACSD","LACSD_3002",2023-11-01,31,1,31,31,3.2258064516129,"partial_cast_missing",TRUE
"647","LACSD","LACSD_3052",2023-11-01,31,1,31,31,3.2258064516129,"partial_cast_missing",TRUE
"648","LACSD","LACSD_3102",2023-05-02,31,1,31,31,3.2258064516129,"partial_cast_missing",TRUE
"649","LACSD","LACSD_3102",2023-11-01,31,1,31,31,3.2258064516129,"partial_cast_missing",TRUE
"650","LACSD","LACSD_2504",2023-08-30,32,1,32,32,3.125,"partial_cast_missing",TRUE
"651","LACSD","LACSD_2504",2023-11-02,32,1,32,32,3.125,"partial_cast_missing",TRUE
"652","LACSD","LACSD_25042",2023-08-30,32,1,32,32,3.125,"partial_cast_missing",TRUE
"653","LACSD","LACSD_2604",2022-05-05,32,1,32,32,3.125,"partial_cast_missing",TRUE
"654","LACSD","LACSD_2604",2023-02-08,32,1,32,32,3.125,"partial_cast_missing",TRUE
"655","LACSD","LACSD_2604",2023-08-30,32,1,32,32,3.125,"partial_cast_missing",TRUE
"656","LACSD","LACSD_2604",2023-11-02,32,1,32,32,3.125,"partial_cast_missing",TRUE
"657","LACSD","LACSD_2504",2021-06-10,33,1,33,33,3.03030303030303,"partial_cast_missing",TRUE
"658","LACSD","LACSD_25042",2020-08-05,33,1,33,33,3.03030303030303,"partial_cast_missing",TRUE
"659","LACSD","LACSD_3052",2020-08-04,33,1,33,33,3.03030303030303,"partial_cast_missing",TRUE
"660","LACSD","LACSD_3052",2021-08-03,33,1,33,33,3.03030303030303,"partial_cast_missing",TRUE
"661","LACSD","LACSD_3052",2022-08-02,33,1,33,33,3.03030303030303,"partial_cast_missing",TRUE
"662","LACSD","LACSD_3052",2022-11-10,33,1,33,33,3.03030303030303,"partial_cast_missing",TRUE
"663","LACSD","LACSD_3052",2023-02-07,33,1,33,33,3.03030303030303,"partial_cast_missing",TRUE
"664","LACSD","LACSD_3052",2023-05-02,33,1,33,33,3.03030303030303,"partial_cast_missing",TRUE
"665","LACSD","LACSD_2706",2020-06-18,80,2,79,80,2.5,"partial_cast_missing",TRUE
"666","LACSD","LACSD_2505",2023-05-03,43,1,43,43,2.32558139534884,"partial_cast_missing",TRUE
"667","LACSD","LACSD_2505",2023-08-30,43,1,43,43,2.32558139534884,"partial_cast_missing",TRUE
"668","LACSD","LACSD_2505",2020-06-16,44,1,44,44,2.27272727272727,"partial_cast_missing",TRUE
"669","LACSD","LACSD_2505",2021-06-10,44,1,44,44,2.27272727272727,"partial_cast_missing",TRUE
"670","LACSD","LACSD_2505",2022-02-03,44,1,44,44,2.27272727272727,"partial_cast_missing",TRUE
"671","LACSD","LACSD_2505",2022-08-03,44,1,44,44,2.27272727272727,"partial_cast_missing",TRUE
"672","LACSD","LACSD_2505",2022-11-09,44,1,44,44,2.27272727272727,"partial_cast_missing",TRUE
"673","LACSD","LACSD_2505",2023-11-02,44,1,44,44,2.27272727272727,"partial_cast_missing",TRUE
"674","LACSD","LACSD_2605",2019-02-06,47,1,47,47,2.12765957446809,"partial_cast_missing",TRUE
"675","LACSD","LACSD_2605",2020-11-04,47,1,47,47,2.12765957446809,"partial_cast_missing",TRUE
"676","LACSD","LACSD_2605",2021-11-03,47,1,47,47,2.12765957446809,"partial_cast_missing",TRUE
"677","LACSD","LACSD_2605",2023-02-08,47,1,47,47,2.12765957446809,"partial_cast_missing",TRUE
"678","LACSD","LACSD_2605",2023-08-30,47,1,47,47,2.12765957446809,"partial_cast_missing",TRUE
"679","LACSD","LACSD_2605",2023-11-02,47,1,47,47,2.12765957446809,"partial_cast_missing",TRUE
"680","LACSD","LACSD_26052",2020-11-04,47,1,47,47,2.12765957446809,"partial_cast_missing",TRUE
"681","LACSD","LACSD_26052",2023-11-02,47,1,47,47,2.12765957446809,"partial_cast_missing",TRUE
"682","LACSD","LACSD_2704",2023-05-03,48,1,48,48,2.08333333333333,"partial_cast_missing",TRUE
"683","LACSD","LACSD_2704",2023-08-30,48,1,48,48,2.08333333333333,"partial_cast_missing",TRUE
"684","LACSD","LACSD_2704",2023-11-02,48,1,48,48,2.08333333333333,"partial_cast_missing",TRUE
"685","LACSD","LACSD_2704",2023-02-08,50,1,50,50,2,"partial_cast_missing",TRUE
"686","LACSD","LACSD_2804",2019-02-06,100,2,99,100,2,"partial_cast_missing",TRUE
"687","LACSD","LACSD_3053",2023-05-02,59,1,59,59,1.69491525423729,"partial_cast_missing",TRUE
"688","LACSD","LACSD_3053",2023-11-01,59,1,59,59,1.69491525423729,"partial_cast_missing",TRUE
"689","LACSD","LACSD_2506",2020-06-16,60,1,60,60,1.66666666666667,"partial_cast_missing",TRUE
"690","LACSD","LACSD_2506",2020-08-05,60,1,60,60,1.66666666666667,"partial_cast_missing",TRUE
"691","LACSD","LACSD_2506",2020-11-04,60,1,60,60,1.66666666666667,"partial_cast_missing",TRUE
"692","LACSD","LACSD_2506",2022-08-03,60,1,60,60,1.66666666666667,"partial_cast_missing",TRUE
"693","LACSD","LACSD_2506",2023-02-08,60,1,60,60,1.66666666666667,"partial_cast_missing",TRUE
"694","LACSD","LACSD_25062",2022-08-03,60,1,60,60,1.66666666666667,"partial_cast_missing",TRUE
"695","LACSD","LACSD_2803",2019-08-08,60,1,60,60,1.66666666666667,"partial_cast_missing",TRUE
"696","LACSD","LACSD_2803",2019-11-21,60,1,60,60,1.66666666666667,"partial_cast_missing",TRUE
"697","LACSD","LACSD_2803",2020-02-05,60,1,60,60,1.66666666666667,"partial_cast_missing",TRUE
"698","LACSD","LACSD_2803",2021-06-09,60,1,60,60,1.66666666666667,"partial_cast_missing",TRUE
"699","LACSD","LACSD_2803",2022-02-03,60,1,60,60,1.66666666666667,"partial_cast_missing",TRUE
"700","LACSD","LACSD_2903",2019-02-07,60,1,60,60,1.66666666666667,"partial_cast_missing",TRUE
"701","LACSD","LACSD_2903",2020-11-03,60,1,60,60,1.66666666666667,"partial_cast_missing",TRUE
"702","LACSD","LACSD_2903",2022-02-02,60,1,60,60,1.66666666666667,"partial_cast_missing",TRUE
"703","LACSD","LACSD_2903",2023-02-07,60,1,60,60,1.66666666666667,"partial_cast_missing",TRUE
"704","LACSD","LACSD_2903",2023-11-01,60,1,60,60,1.66666666666667,"partial_cast_missing",TRUE
"705","LACSD","LACSD_3003",2020-06-17,60,1,60,60,1.66666666666667,"partial_cast_missing",TRUE
"706","LACSD","LACSD_3003",2022-02-02,60,1,60,60,1.66666666666667,"partial_cast_missing",TRUE
"707","LACSD","LACSD_3003",2022-05-04,60,1,60,60,1.66666666666667,"partial_cast_missing",TRUE
"708","LACSD","LACSD_3003",2023-02-07,60,1,60,60,1.66666666666667,"partial_cast_missing",TRUE
"709","LACSD","LACSD_3053",2019-11-19,60,1,60,60,1.66666666666667,"partial_cast_missing",TRUE
"710","LACSD","LACSD_3053",2020-08-04,60,1,60,60,1.66666666666667,"partial_cast_missing",TRUE
"711","LACSD","LACSD_3053",2020-11-03,60,1,60,60,1.66666666666667,"partial_cast_missing",TRUE
"712","LACSD","LACSD_3053",2021-06-08,60,1,60,60,1.66666666666667,"partial_cast_missing",TRUE
"713","LACSD","LACSD_3053",2021-11-02,60,1,60,60,1.66666666666667,"partial_cast_missing",TRUE
"714","LACSD","LACSD_3053",2022-02-02,60,1,60,60,1.66666666666667,"partial_cast_missing",TRUE
"715","LACSD","LACSD_3053",2023-02-07,60,1,60,60,1.66666666666667,"partial_cast_missing",TRUE
"716","LACSD","LACSD_3103",2019-02-07,60,1,60,60,1.66666666666667,"partial_cast_missing",TRUE
"717","LACSD","LACSD_3103",2020-11-03,60,1,60,60,1.66666666666667,"partial_cast_missing",TRUE
"718","LACSD","LACSD_3103",2022-08-02,60,1,60,60,1.66666666666667,"partial_cast_missing",TRUE
"719","LACSD","LACSD_3103",2023-11-01,60,1,60,60,1.66666666666667,"partial_cast_missing",TRUE
"720","LACSD","LACSD_31032",2023-11-01,60,1,60,60,1.66666666666667,"partial_cast_missing",TRUE
"721","LACSD","LACSD_2506",2023-11-02,61,1,61,61,1.63934426229508,"partial_cast_missing",TRUE
"722","LACSD","LACSD_3003",2023-05-02,61,1,61,61,1.63934426229508,"partial_cast_missing",TRUE
"723","LACSD","LACSD_3003",2023-11-01,61,1,61,61,1.63934426229508,"partial_cast_missing",TRUE
"724","LACSD","LACSD_30032",2023-11-01,61,1,61,61,1.63934426229508,"partial_cast_missing",TRUE
"725","LACSD","LACSD_2606",2019-05-09,62,1,62,62,1.61290322580645,"partial_cast_missing",TRUE
"726","LACSD","LACSD_2606",2020-11-04,62,1,62,62,1.61290322580645,"partial_cast_missing",TRUE
"727","LACSD","LACSD_2606",2022-05-05,62,1,62,62,1.61290322580645,"partial_cast_missing",TRUE
"728","LACSD","LACSD_2606",2022-08-03,62,1,62,62,1.61290322580645,"partial_cast_missing",TRUE
"729","LACSD","LACSD_2606",2022-11-09,62,1,62,62,1.61290322580645,"partial_cast_missing",TRUE
"730","LACSD","LACSD_2606",2023-02-08,62,1,62,62,1.61290322580645,"partial_cast_missing",TRUE
"731","LACSD","LACSD_2606",2023-08-30,62,1,62,62,1.61290322580645,"partial_cast_missing",TRUE
"732","LACSD","LACSD_2606",2023-11-02,62,1,62,62,1.61290322580645,"partial_cast_missing",TRUE
"733","LACSD","LACSD_2803",2023-08-30,62,1,62,62,1.61290322580645,"partial_cast_missing",TRUE
"734","LACSD","LACSD_2706",2023-11-02,77,1,77,77,1.2987012987013,"partial_cast_missing",TRUE
"735","LACSD","LACSD_2706",2023-08-30,78,1,78,78,1.28205128205128,"partial_cast_missing",TRUE
"736","LACSD","LACSD_2805",2021-06-09,100,1,1,1,1,"partial_cast_missing",FALSE
"737","LACSD","LACSD_3005",2021-06-09,100,1,1,1,1,"partial_cast_missing",FALSE
"738","LACSD","LACSD_3056",2021-06-08,100,1,1,1,1,"partial_cast_missing",FALSE
"739","LACSD","LACSD_31062",2021-11-02,100,1,1,1,1,"partial_cast_missing",FALSE
